{
    "foo": 2.671119553587128,
    "bar": 2.200650316353244,
    "step": 3
}