{
    "foo": 3.8182658352134675,
    "bar": 3.172585891912972,
    "step": 4
}