{
    "foo": 14.602919333933345,
    "bar": 14.157169569315498,
    "step": 14
}