{
    "foo": 4.302946685013333,
    "bar": 4.883398201471074,
    "step": 5
}