{
    "foo": 14.387319074015794,
    "bar": 14.877890353916303,
    "step": 14
}