{
    "foo": 9.426983537953516,
    "bar": 9.455884786159846,
    "step": 9
}