{
    "foo": 2.4941535765619207,
    "bar": 2.7630790265640255,
    "step": 3
}