{
    "foo": 11.663733590389217,
    "bar": 11.860292594430764,
    "step": 12
}