{
    "foo": 7.536612929056574,
    "bar": 7.503693400878179,
    "step": 8
}