{
    "foo": 9.315262528465565,
    "bar": 9.678209554482919,
    "step": 10
}