{
    "foo": 9.362227269630377,
    "bar": 9.56668536951371,
    "step": 10
}