{
    "foo": 3.415732486183825,
    "bar": 3.171968427469936,
    "step": 4
}