{
    "foo": 5.828594283764291,
    "bar": 5.130904875709528,
    "step": 6
}