{
    "foo": 3.4500776115479512,
    "bar": 3.477605882301838,
    "step": 4
}