{
    "foo": 2.9020850263293103,
    "bar": 2.0896043258242134,
    "step": 3
}