{
    "foo": 4.148095203762117,
    "bar": 4.503259599151226,
    "step": 5
}