{
    "foo": 14.941179362327215,
    "bar": 14.213777002692735,
    "step": 15
}