{
    "foo": 9.597508617875611,
    "bar": 9.361878638070042,
    "step": 9
}