{
    "foo": 6.803689058417746,
    "bar": 6.1948605498084115,
    "step": 7
}