{
    "foo": 2.105071400404982,
    "bar": 2.3468533033985968,
    "step": 3
}