{
    "foo": 15.60326315381796,
    "bar": 15.374168074424487,
    "step": 16
}