step	bar
0	0.9582976854052457
1	1.832765833118358
2	2.0623980962783732
3	3.9300651264546183
4	4.7902257176251855
5	5.037778514105628
6	6.258367992601066
7	7.076604230518497
8	8.534093529496074
9	9.161380026579128
10	10.835786174768181
11	11.866493365794915
12	12.660709212887117
13	13.338494343537972
14	14.877890353916303
