step	bar
0	0.1471074058645867
1	1.259346531211071
2	2.3930968031810704
3	3.5784085279907965
4	4.621118999262974
5	5.757417615163336
6	6.224168028044374
7	7.100025804434751
8	8.184816747190684
9	9.56668536951371
