step	bar
0	0.17905050926034816
1	1.4338165515829595
2	2.7630790265640255
