step	bar
0	0.9904225352019875
1	1.0837680668141976
2	2.5677235018460336
3	3.6455845481160543
4	4.711351190497619
5	5.633255739878516
6	6.490356971481922
7	7.57371650153976
8	8.060741953335137
9	9.208759901409591
10	10.158427208311199
11	11.41230451801537
12	12.34613657741005
13	13.335967002209959
14	14.157169569315498
