step	bar
0	0.011917455102967045
1	1.2461332696038778
2	2.8547273957617065
3	3.604164356128076
4	4.503259599151226
