step	bar
0	0.28464164166297357
1	1.7869466623198647
2	2.1173640475670914
3	3.558697130115595
4	4.15769379564056
5	5.130904875709528
