step	bar
0	0.006030531485463508
1	1.3046423158314089
2	2.8275100085451648
3	3.172585891912972
