step	bar
0	0.6904279118277757
1	1.6787986883806474
2	2.1496438541071035
3	3.1847376987168206
4	4.2618811327540875
5	5.305987209002035
6	6.902739065666676
7	7.487416538911474
8	8.157031797012255
9	9.455884786159846
