step	bar
0	0.08537902777696527
1	1.1067465211857277
2	2.719060502167146
3	3.9660657329465194
4	4.447395472861363
5	5.689348778528539
6	6.58502986377092
7	7.148165050385164
8	8.51830732984037
9	9.043327875748373
10	10.816699793051933
11	11.860292594430764
