step	bar
0	0.3472617092910084
1	1.832375148958024
2	2.6253880044271316
3	3.20920679309103
4	4.652889982525289
5	5.831618265876578
6	6.362579851239172
7	7.257620615887555
8	8.671264772355421
9	9.34655870600643
10	10.154049327004053
11	11.994447182881494
12	12.818598701328227
13	13.723278197532874
14	14.954427141967018
15	15.374168074424487
