step	bar
0	0.01968966916214776
1	1.6301301335543923
2	2.2599875916916474
3	3.8810235408661837
4	4.883398201471074
