step	bar
0	0.5009589547388122
1	1.0072027755089925
2	2.200650316353244
