step	bar
0	0.5979062145350796
1	1.6086023652120658
2	2.3983829891977475
3	3.171968427469936
