step	bar
0	0.9230506870346599
1	1.4942772000383435
2	2.9370677826974063
3	3.4867845202177397
4	4.761246069675261
5	5.597609981887276
6	6.139294341005919
7	7.503693400878179
