step	bar
0	0.17775262624255816
1	1.3003838213726364
2	2.9023200128440703
3	3.7253898692453102
4	4.48443673653124
5	5.779290553717208
6	6.1948605498084115
