step	bar
0	0.913454716962379
1	1.9141776089291183
2	2.939464000848409
3	3.2574755750394786
4	4.260573010210683
5	5.476581814672272
6	6.429528633408658
7	7.535326941995027
8	8.3489345832409
9	9.361878638070042
