step	bar
0	0.9325445363511219
1	1.5981719314275344
2	2.1445594042570475
3	3.3143947939932397
4	4.356937259249931
5	5.908007671927477
6	6.43310326391743
7	7.516878918826782
8	8.67504268344037
9	9.678209554482919
