step	bar
0	0.7915897913765859
1	1.6621619273494206
2	2.3468533033985968
