step	bar
0	0.21008268054614432
1	1.2047223478898248
2	2.107639747738909
3	3.477605882301838
