step	bar
0	0.33738612115585964
1	1.633402481618223
2	2.0896043258242134
