step	bar
0	0.49089386397201495
1	1.9741676370265484
2	2.9311556354922463
3	3.9586799555818217
4	4.814521758769305
5	5.816045002936473
6	6.459214057281559
7	7.113264572982362
8	8.073949610427709
9	9.023239306375759
10	10.07583055520768
11	11.954978972868872
12	12.097844863920919
13	13.960346873795896
14	14.213777002692735
