step	foo
0	0.8047265049012893
1	1.3050778088795032
2	2.9494331423227065
3	3.4500776115479512
