step	foo
0	0.4847724312057605
1	1.8867578810058059
2	2.2436253351789692
3	3.2039385213765454
4	4.426215765258599
5	5.683845149398988
6	6.451555329164313
7	7.084343602739825
8	8.384866856760144
9	9.720140119121416
10	10.344909985882495
11	11.663733590389217
