step	foo
0	0.18947232831437266
1	1.3687148274987564
2	2.671119553587128
