step	foo
0	0.23645039403414203
1	1.0480691872369463
2	2.4941535765619207
