step	foo
0	0.14831462974112763
1	1.7016678478934524
2	2.622596687998131
3	3.957919593013887
4	4.463921975748767
5	5.6187824550064
6	6.803689058417746
