step	foo
0	0.7507992418314362
1	1.0713212195573898
2	2.105071400404982
