step	foo
0	0.5787491665651825
1	1.5390382258497342
2	2.9670908747671074
3	3.6872798995976366
4	4.375090636287353
5	5.498436341138479
6	6.029007710241497
7	7.792465353150782
8	8.748363950008843
9	9.597508617875611
