step	foo
0	0.06364395520050814
1	1.454785304416761
2	2.930839577008897
3	3.9100933426003257
4	4.148095203762117
