step	foo
0	0.9326079854870866
1	1.8819165395173045
2	2.1492483731341228
3	3.837894416740552
4	4.302946685013333
