step	foo
0	0.998756129337662
1	1.3710297065868426
2	2.834117713317484
3	3.860410615190193
4	4.908174622893629
5	5.9684924763289535
6	6.757903102473781
7	7.227517698535024
8	8.753626242080037
9	9.309694812286049
10	10.616852313139878
11	11.053606598203839
12	12.057093561571879
13	13.713876418212182
14	14.941179362327215
