step	foo
0	0.11852464139659624
1	1.9802164084183336
2	2.0230876664422226
3	3.4450525196595634
4	4.630696553539336
5	5.191660192800447
6	6.77292914346414
7	7.126137448281236
8	8.294335167698707
9	9.407364092212799
10	10.497088342729812
11	11.990208629885187
12	12.218179098851625
13	13.613097465687229
14	14.602919333933345
