step	foo
0	0.832381736268795
1	1.4090980383770402
2	2.7528549334071006
3	3.75259588250591
4	4.138012422113213
5	5.17814205185282
6	6.300474063844221
7	7.536612929056574
