step	foo
0	0.842460171799437
1	1.1752074464573403
2	2.6489996405461618
3	3.2786394384789275
4	4.777073559875822
5	5.098061531761999
6	6.229435751703784
7	7.86757974016561
8	8.858401851828193
9	9.616218521583493
10	10.174846620047884
11	11.638381769745969
12	12.659570338302261
13	13.087041762776323
14	14.491246913378593
15	15.60326315381796
