step	foo
0	0.13860610486658276
1	1.4826650484264254
2	2.0945567415309254
3	3.6679913347527258
4	4.423071979584768
5	5.905441660239571
6	6.4318200926919324
7	7.133290446049534
8	8.749361320797945
9	9.362227269630377
