step	foo
0	0.32994448315888714
1	1.6633790851864645
2	2.2738595862015245
3	3.7419964508573065
4	4.360744675510185
5	5.808569146407274
6	6.299945370722339
7	7.282338130701559
8	8.727893361039586
9	9.315262528465565
