step	foo
0	0.9420117708520286
1	1.3120652330747284
2	2.1240389647044875
3	3.8182658352134675
