step	foo
0	0.47149407928565157
1	1.802842477280624
2	2.9020850263293103
