step	foo
0	0.2040269383657527
1	1.121495114005536
2	2.0662863913396645
3	3.7752267558362496
4	4.389972107414188
5	5.591060166838484
6	6.650858740845805
7	7.8641525110906905
8	8.113670917537803
9	9.426983537953516
