step	foo
0	0.020174690136728457
1	1.8289911376273733
2	2.099098832688356
3	3.415732486183825
