step	foo
0	0.9104119808164035
1	1.0374719296757018
2	2.325859716796324
3	3.704222386789306
4	4.947597929886786
5	5.828594283764291
