step	foo
0	0.9054767096041522
1	1.7254988870611236
2	2.219749935775103
3	3.0333238943384684
4	4.827239740528537
5	5.51616599245074
6	6.752310709920564
7	7.280236565049068
8	8.253805933236892
9	9.053489942868712
10	10.204075087642043
11	11.837577151800508
12	12.799887794362592
13	13.80431333584805
14	14.387319074015794
